song_title, key, i, i#, ii, ii#, iii, iv, iv#, v, v#, vi, vi#, vii
All Together Now.xml,D,327.25,0,66.375,0,88.5,251.625,0,137.5,0.25,147.375,78.125,25.5
Hey Bulldog.xml,B,144.5625,6.625,77.5625,24.75,46.375,68.3125,14.125,158.1875,10.625,9.5,88.3125,1.625
Its All Too Much.xml,G,357.6875,0,27.09375,0,163.21875,28.125,0,198.71875,0,24.0625,0,4.1875
Only A Northern Song.xml,A,99.3125,3,74.25,0.5625,57.75,67.25,0,103.0625,7.375,64.0625,13.0625,32.25
